-- RESPALDO AUTOMATICO FOURVERR APP
-- FECHA: 2026-01-17 07:40:24

INSERT INTO Usuarios VALUES ('admin', 'admin@ex.com', 'adminpass', 'admin', true, NULL, NULL, NULL, NULL, NULL, NULL, NULL, NULL, NULL);
INSERT INTO Usuarios VALUES ('ArtByLaura', 'laura@ex.com', 'artpass', 'ilustrador', true, 'Laura Design', '¡Hola! Soy Laura, diseñadora gráfica e ilustradora con enfoque en identidad visual. Mi especialidad es transformar ideas abstractas en logotipos y marcas memorables.', 50.0, '/Users/isaaciturralde/Documents/usuarios/ilustradores/ArtByLaura/perfil.png', 'Inglés', 'Nativo', 'Diseño Gráfico en Parsons (Estados Unidos, 2021)', 'Best Logo - Behance (2022)', 'Illustrator (Exp)');
INSERT INTO Usuarios VALUES ('b', 'b', 'b', 'ilustrador', true, 'bbb', 'bbb bbb bbb bbb bbb bbb bbb bbb bbb bbb bbb bbb bbb bbb bbb bbb bbb bbb bbb bbb bbb bbb bbb bbb bbb bbb bbb bbb bbb bbb bbb bbb bbb bbb bbb bbb bbb bbb bbb bbb bbb bbb bbb bbb bbb bbb bbb bbb bbb bbb bbb bbb ', NULL, '/Users/isaaciturralde/Documents/usuarios/ilustradores/b/perfil.png', 'Inglés', 'Nativo', NULL, NULL, NULL);
INSERT INTO Usuarios VALUES ('cliente1', 'cliente1@ex.com', 'pass123', 'cliente', true, NULL, NULL, NULL, NULL, NULL, NULL, NULL, NULL, NULL);
INSERT INTO Usuarios VALUES ('diegop', 'diegop@algo.com', 'diegop', 'cliente', true, NULL, NULL, NULL, NULL, NULL, NULL, NULL, NULL, NULL);
INSERT INTO Usuarios VALUES ('eurgbierugbwrgsrgr', 'jnfjwnfnwefjnwref@gmial.com', 'diegoysaul', 'usuario_nuevo', true, NULL, NULL, NULL, NULL, NULL, NULL, NULL, NULL, NULL);
INSERT INTO Usuarios VALUES ('FuzzyPaws', 'fuzzy@ex.com', 'pass4', 'ilustrador', true, 'Alex Support', '¡Tu mano derecha en la oficina virtual! Soy Alex \'Fuzzy\', asistente virtual. Me encargo de esas tareas administrativas que te quitan tiempo.', 40.0, '/Users/isaaciturralde/Documents/usuarios/ilustradores/FuzzyPaws/perfil.png', 'Inglés', 'Nativo', 'Admin en Toronto U (Canadá, 2022)', 'CS Excel - Zendesk (2023)', 'Office (Exp)');
INSERT INTO Usuarios VALUES ('GrimShadow', 'grim@ex.com', 'pass5', 'ilustrador', true, 'Dante Void', 'Desde las sombras emergen las marcas más impactantes. Soy Dante \'Grim\', diseñador editorial y de portadas. Me especializo en el nicho de fantasía oscura.', 55.0, '/Users/isaaciturralde/Documents/usuarios/ilustradores/GrimShadow/perfil.png', 'Español', 'Nativo', 'Artes Visuales en UNAM (México, 2019)', 'Editorial Gold - Dark Arts (2021)', 'Photoshop (Exp)');
INSERT INTO Usuarios VALUES ('holasaul', 'holasaul@gmail.com', 'diegoysaul', 'usuario_nuevo', true, NULL, NULL, NULL, NULL, NULL, NULL, NULL, NULL, NULL);
INSERT INTO Usuarios VALUES ('ilustrador', 'ilustrador@gmail.com', 'ilustrador', 'usuario_nuevo', true, NULL, NULL, NULL, NULL, NULL, NULL, NULL, NULL, NULL);
INSERT INTO Usuarios VALUES ('isaac', 'isaacVGN@example.com', 'isaac', 'cliente', true, 'isaac', 'hi there, i;m gona take my pp away', NULL, 'https://furverr-server.s3.us-east-1.amazonaws.com/perfil_isaac_1768618373053.png', NULL, NULL, NULL, NULL, NULL);
INSERT INTO Usuarios VALUES ('Issac1313', 'issac1313@gmail.com', 'issac1313', 'usuario_nuevo', true, NULL, NULL, NULL, NULL, NULL, NULL, NULL, NULL, NULL);
INSERT INTO Usuarios VALUES ('itzel', 'itzel@example.com', 'itzel', 'ilustrador', true, 'EmbroderyItz', 'I just want to show my world through embroidery live in a embroidery way show embroidery make Embro your family make embroidery your friends make your friends embroidery and embroidery themselves.', NULL, '/Users/isaaciturralde/Documents/usuarios/ilustradores/itzel/perfil.jpeg', 'Inglés', 'Alto', NULL, NULL, NULL);
INSERT INTO Usuarios VALUES ('lizeth', 'lizeth@example.com', 'liz', 'cliente', true, 'lizeth', 'I love cats and the black color. \nI\'m death itself personficated in an empty fleshy mold', NULL, 'https://furverr-server.s3.us-east-1.amazonaws.com/perfil_lizeth_1768635470940.png', NULL, NULL, NULL, NULL, NULL);
INSERT INTO Usuarios VALUES ('mariana', 'mariana@example.com', 'mariana', 'cliente', true, NULL, 'hola, me gustan las imagenes', NULL, '/Users/isaaciturralde/NetBeansProjects/gestor/imagenes_perfil/perfil_mariana_1764477948403.png', NULL, NULL, NULL, NULL, NULL);
INSERT INTO Usuarios VALUES ('NeonSamurai', 'neon@ex.com', 'pass3', 'ilustrador', true, 'Kaito Marketing', 'El futuro del marketing es digital. Soy Kaito, estratega de redes sociales. Corto a través del ruido de internet con campañas agresivas y visualmente impactantes.', 65.0, '/Users/isaaciturralde/Documents/usuarios/ilustradores/NeonSamurai/perfil.png', 'Inglés', 'Alto', 'Marketing en Keio (Japón, 2020)', 'Ads Cert - Google (2024)', 'FB Ads (Exp)');
INSERT INTO Usuarios VALUES ('o', 'o', 'o', 'cliente', true, NULL, NULL, NULL, NULL, NULL, NULL, NULL, NULL, NULL);
INSERT INTO Usuarios VALUES ('PixelPanda', 'panda@ex.com', 'artpass2', 'ilustrador', true, 'Panda Motion', '¡Dale vida a tus píxeles! Soy PixelPanda, animador 2D especializado en la estética retro de los 8 y 16 bits. No solo dibujo sprites; los hago caminar y saltar.', 25.0, '/Users/isaaciturralde/Documents/usuarios/ilustradores/PixelPanda/perfil.png', 'Español', 'Alto', 'Animación en U-tad (España, 2023)', 'Unity Cert - Unity (2023)', 'Aseprite (Exp)');
INSERT INTO Usuarios VALUES ('RealismPro', 'real@ex.com', 'pass8', 'ilustrador', true, 'Elena Strategy', 'Negocios reales, resultados reales. Soy Elena \'RealismPro\', analista de negocios. Ayudo a emprendedores a aterrizar sus ideas con planes de negocio sólidos.', 100.0, '/Users/isaaciturralde/Documents/usuarios/ilustradores/RealismPro/perfil.png', 'Ruso', 'Alto', 'Economía en Moscow State (Rusia, 2018)', 'PMP - PMI (2020)', 'Excel (Exp)');
INSERT INTO Usuarios VALUES ('SakuraInk', 'sakura@ex.com', 'pass6', 'ilustrador', true, 'Yumi Motion', 'Konnichiwa! Soy Yumi, editora de video y animadora con estilo Anime/Motion Graphics. Transformo grabaciones aburridas en AMVs dinámicos.', 30.0, '/Users/isaaciturralde/Documents/usuarios/ilustradores/SakuraInk/perfil.png', 'Japonés', 'Nativo', 'VFX en Tokyo Designer (Japón, 2021)', 'VFX Rookie - Adobe (2022)', 'Premiere (Exp)');
INSERT INTO Usuarios VALUES ('saul', 'saul_najera@outlook.es', 'saul', 'ilustrador', true, 'saul', 'dfhjsfhhhhhhhhhhhhhhhhdfhjsfhhhhhhhhhhhhhhhhdfhjsfhhhhhhhhhhhhhhhhdfhjsfhhhhhhhhhhhhhhhhdfhjsfhhhhhhhhhhhhhhhhdfhjsfhhhhhhhhhhhhhhhhdfhjsfhhhhhhhhhhhhhhhhdfhjsfhhhhhhhhhhhhhhhhdfhjsfhhhhhhhhhhhhhhhhdfhjsfhhhhhhhhhhhhhhhhdfhjsfhhhhhhhhhhhhhhhhdfhjsfhhhhhhhhhhhhhhhhdfhjsfhhhhhhhhhhhhhhhhdfhjsfhhhhhhhhhhhhhhhhdfhjsfhhhhhhhhhhhhhhhhdfhjsfhhhhhhhhhhhhhhhhdfhjsfhhhhhhhhhhhhhhhhdfhjsfhhhhhhhhhhhhhhhhdfhjsfhhhhhhhhhhhhhhhhdfhjsfhhhhhhhhhhhhhhhhdfhjsfhhhhhhhhhhhhhhhhdfhjsfhhhhhhhhhhhhhhhhdfhjsfhhhhhhhhhhhhhhhhdfhjsfhhhhhhhhhhhhhhhh', NULL, '/home/domv/Documents/usuarios/ilustradores/saul/perfil.png', 'Español', 'Bajo', NULL, NULL, NULL);
INSERT INTO Usuarios VALUES ('saul najera', 'saul_najeraa@outlook.com', 'saulnajera', 'cliente', true, NULL, 'me gusta dibujar', NULL, NULL, NULL, NULL, NULL, NULL, NULL);
INSERT INTO Usuarios VALUES ('saule', 'saul@example.com', '12345678', 'usuario_nuevo', true, NULL, NULL, NULL, NULL, NULL, NULL, NULL, NULL, NULL);
INSERT INTO Usuarios VALUES ('saulprueba', 'saulprueba@outlook.com', 'saulprueba', 'usuario_nuevo', true, NULL, NULL, NULL, NULL, NULL, NULL, NULL, NULL, NULL);
INSERT INTO Usuarios VALUES ('u', 'u', 'u', 'ilustrador', true, 'uuu', 'soy un ilustrador y animador amateur que realiza comiciones de varios tipos a bajo costo', NULL, 'C:UserssoutDocumentsusuariosilustradoresuperfil.jpg', 'Español', 'Nativo', 'TSU DSM en UTT (México, 2024)', 'Best PSD user of the year - Adobe (2024)', 'Photoshop (Experto)');
INSERT INTO Usuarios VALUES ('usuarioprueba', 'usario@prueba.com', 'usuario1', 'usuario_nuevo', true, NULL, NULL, NULL, NULL, NULL, NULL, NULL, NULL, NULL);
INSERT INTO Usuarios VALUES ('VectorVibe', 'vector@ex.com', 'pass9', 'ilustrador', true, 'Sarah Line', 'La geometría es el lenguaje universal. Soy Sarah, experta en diseño vectorial minimalista. Mi obsesión es la limpieza visual: iconos perfectos e infografías.', 45.0, '/Users/isaaciturralde/Documents/usuarios/ilustradores/VectorVibe/perfil.png', 'Francés', 'Nativo', 'Visual Comm en Gobelins (Francia, 2022)', 'Vector Award - Dribbble (2023)', 'CorelDraw (Adv)');
INSERT INTO Usuarios VALUES ('VistaMaster', 'vista@ex.com', 'pass7', 'ilustrador', true, 'Marco SEO', 'Haz que te vean. Soy Marco, consultor SEO y experto en visibilidad online. Mi trabajo consiste en posicionar tu sitio web en la primera página de Google.', 80.0, '/Users/isaaciturralde/Documents/usuarios/ilustradores/VistaMaster/perfil.png', 'Italiano', 'Alto', 'Analytics en Bocconi (Italia, 2020)', 'SEO Spec - HubSpot (2023)', 'SEMrush (Adv)');
INSERT INTO Usuarios VALUES ('y', 'y', 'y', 'ilustrador', true, 'yyy', 'yyy yyy yyy yyy yyy yyy yyy yyy yyy yyy yyy yyy yyy yyy yyy yyy yyy yyy yyy yyy yyy yyy yyy yyy yyy yyy yyy yyy yyy yyy yyy yyy yyy yyy yyy yyy yyy yyy yyy yyy yyy yyy yyy yyy yyy yyy yyy yyy yyy yyy yyy yyy ', NULL, 'C:UserssoutDocumentsusuariosilustradoresyperfil.png', 'Español', 'Nativo', NULL, NULL, NULL);

INSERT INTO Ilustraciones VALUES (1, 'Guerrero Lunar', 'Retrato épico.', 65.0, '/Users/isaaciturralde/Documents/usuarios/ilustradores/ArtByLaura/gigs/Guerrero_Lunar/img_0.png', 'ArtByLaura', NULL, NULL, 'ACTIVO');
INSERT INTO Ilustraciones VALUES (2, 'Bosque Encantado', 'Paisaje mágico.', 80.0, '/Users/isaaciturralde/Documents/usuarios/ilustradores/ArtByLaura/gigs/Bosque_Encantado/img_0.png', 'ArtByLaura', NULL, NULL, 'BORRADOR');
INSERT INTO Ilustraciones VALUES (3, 'Panda Programador', 'Pixel art.', 30.0, '/Users/isaaciturralde/Documents/usuarios/ilustradores/PixelPanda/gigs/Panda_Programador/img_0.png', 'PixelPanda', NULL, NULL, 'ACTIVO');
INSERT INTO Ilustraciones VALUES (5, 'Haré algo', 'animacion de algun tipo para el cliente duracion de 5 a 15 segundos', 5.0, 'C:UserssoutDocumentsusuariosilustradoresugigsHar__algoimg_0.jpg', 'u', 'VIDEO Y ANIMACIÓN/Edición', 'ANIMATION,ANIMATED,GIF,2D', 'ACTIVO');
INSERT INTO Ilustraciones VALUES (6, 'Hare contenido rapido para tu plataforma', 'Reel basado en el contenido de tu perfil o extraido del contenido que crees o transmitas para otras plataformas con el fin de darte viralidad y visibilidad', 20.0, 'C:UserssoutDocumentsusuariosilustradoresygigsHare_contenido_rapido_para_tu_plataformaimg_0.jpg', 'y', 'MARKETING DIGITAL/Redes Sociales', 'TIKTOK,REEL,MARKETING DIGITAL,SOCIAL MEDIA', 'ACTIVO');
INSERT INTO Ilustraciones VALUES (7, 'Logo Minimalista', 'Diseño de logotipo vectorial limpio y moderno.', 50.0, '/Users/isaaciturralde/Documents/usuarios/ilustradores/ArtByLaura/gigs/Logo_Minimalista/img_0.png', 'ArtByLaura', 'GRÁFICOS Y DISEÑO/Diseño de Logo', 'logo, minimalist, branding, vector, identity', 'ACTIVO');
INSERT INTO Ilustraciones VALUES (8, 'Portada de Terror', 'Ilustración oscura para portadas de libros o discos.', 90.0, '/Users/isaaciturralde/Documents/usuarios/ilustradores/GrimShadow/gigs/Portada_de_Terror/img_0.png', 'GrimShadow', 'GRÁFICOS Y DISEÑO/Ilustración', 'horror, book cover, dark, fantasy, illustration', 'ACTIVO');
INSERT INTO Ilustraciones VALUES (9, 'Iconos Vectoriales', 'Set de iconos personalizados para tu app o web.', 45.0, '/Users/isaaciturralde/Documents/usuarios/ilustradores/VectorVibe/gigs/Iconos_Vectoriales/img_0.png', 'VectorVibe', 'GRÁFICOS Y DISEÑO/Diseño de Logo', 'icons, ui, flat design, app, web', 'ACTIVO');
INSERT INTO Ilustraciones VALUES (10, 'Sprite Animado', 'Personaje pixel art con animación de caminata.', 30.0, '/Users/isaaciturralde/Documents/usuarios/ilustradores/PixelPanda/gigs/Sprite_Animado/img_0.png', 'PixelPanda', 'VIDEO Y ANIMACIÓN/Animación 2D', 'pixel art, animation, sprite, game dev, retro', 'ACTIVO');
INSERT INTO Ilustraciones VALUES (11, 'Intro Anime', 'Opening estilo anime para tu canal de YouTube.', 60.0, '/Users/isaaciturralde/Documents/usuarios/ilustradores/SakuraInk/gigs/Intro_Anime/img_0.png', 'SakuraInk', 'VIDEO Y ANIMACIÓN/Intros', 'anime, intro, opening, youtube, motion graphics', 'ACTIVO');
INSERT INTO Ilustraciones VALUES (13, 'Auditoría SEO', 'Análisis completo de tu sitio web para posicionamiento.', 100.0, '/Users/isaaciturralde/Documents/usuarios/ilustradores/VistaMaster/gigs/Auditor_a_SEO/img_0.png', 'VistaMaster', 'MARKETING DIGITAL/SEO', 'seo, audit, google, website, analytics', 'ACTIVO');
INSERT INTO Ilustraciones VALUES (14, 'Plan de Negocios', 'Estructuración financiera y proyección a 5 años.', 150.0, '/Users/isaaciturralde/Documents/usuarios/ilustradores/RealismPro/gigs/Plan_de_Negocios/img_0.png', 'RealismPro', 'NEGOCIOS/Gestión', 'business plan, finance, startup, strategy, excel', 'ACTIVO');
INSERT INTO Ilustraciones VALUES (15, 'Asistente Virtual', 'Gestión de correos y agenda por 5 horas.', 25.0, '/Users/isaaciturralde/Documents/usuarios/ilustradores/FuzzyPaws/gigs/Asistente_Virtual/img_0.png', 'FuzzyPaws', 'NEGOCIOS/Asistencia', 'virtual assistant, admin, email, schedule, support', 'ACTIVO');
INSERT INTO Ilustraciones VALUES (16, 'Retrato Semirealista', 'Dibujaré un retrato digital con estilo semirealista suave.', 45.0, '/Users/isaaciturralde/Documents/usuarios/ilustradores/ArtByLaura/gigs/Retrato_Semirealista/img_0.png', 'ArtByLaura', 'GRÁFICOS Y DISEÑO/Ilustración', 'retratos, portrait, face, digital art, realistic', 'ACTIVO');
INSERT INTO Ilustraciones VALUES (17, 'Arte Furry Cute', 'Ilustración de tu fursona en un estilo tierno y amigable.', 60.0, '/Users/isaaciturralde/Documents/usuarios/ilustradores/ArtByLaura/gigs/Arte_Furry_Cute/img_0.png', 'ArtByLaura', 'GRÁFICOS Y DISEÑO/Ilustración', 'furry, anthro, fursona, cute, animal', 'ACTIVO');
INSERT INTO Ilustraciones VALUES (18, 'Paisaje de Fantasía', 'Concept art de entornos naturales y mágicos.', 80.0, '/Users/isaaciturralde/Documents/usuarios/ilustradores/ArtByLaura/gigs/Paisaje_de_Fantas_a/img_0.png', 'ArtByLaura', 'GRÁFICOS Y DISEÑO/Ilustración', 'paisajes, landscape, environment, fantasy, background', 'ACTIVO');
INSERT INTO Ilustraciones VALUES (19, 'Retrato Gótico', 'Retrato oscuro con estética de vampiro o terror.', 55.0, '/Users/isaaciturralde/Documents/usuarios/ilustradores/GrimShadow/gigs/Retrato_G_tico/img_0.png', 'GrimShadow', 'GRÁFICOS Y DISEÑO/Ilustración', 'retratos, portrait, gothic, dark, vampire', 'ACTIVO');
INSERT INTO Ilustraciones VALUES (20, 'Furry Monstruoso', 'Diseño de criaturas y fursonas con toque de horror lovecraftiano.', 70.0, '/Users/isaaciturralde/Documents/usuarios/ilustradores/GrimShadow/gigs/Furry_Monstruoso/img_0.png', 'GrimShadow', 'GRÁFICOS Y DISEÑO/Ilustración', 'furry, monster, beast, horror, creature', 'ACTIVO');
INSERT INTO Ilustraciones VALUES (21, 'Paisaje Embrujado', 'Atmósferas de cementerios, castillos y bosques oscuros.', 95.0, '/Users/isaaciturralde/Documents/usuarios/ilustradores/GrimShadow/gigs/Paisaje_Embrujado/img_0.png', 'GrimShadow', 'GRÁFICOS Y DISEÑO/Ilustración', 'paisajes, landscape, spooky, haunted, dark', 'ACTIVO');
INSERT INTO Ilustraciones VALUES (22, 'Retrato Vectorial', 'Avatar minimalista plano (Flat Design) de tu rostro.', 35.0, '/Users/isaaciturralde/Documents/usuarios/ilustradores/VectorVibe/gigs/Retrato_Vectorial/img_0.png', 'VectorVibe', 'GRÁFICOS Y DISEÑO/Ilustración', 'retratos, portrait, vector, flat, minimalist', 'ACTIVO');
INSERT INTO Ilustraciones VALUES (23, 'Mascota Vectorial', 'Diseño de mascota o personaje furry para marcas (estilo e-sports o logo).', 65.0, '/Users/isaaciturralde/Documents/usuarios/ilustradores/VectorVibe/gigs/Mascota_Vectorial/img_0.png', 'VectorVibe', 'GRÁFICOS Y DISEÑO/Ilustración', 'furry, mascot, logo, vector, esports', 'ACTIVO');
INSERT INTO Ilustraciones VALUES (24, 'Paisaje Geométrico', 'Wallpaper de paisaje estilo low-poly o vectorial plano.', 50.0, '/Users/isaaciturralde/Documents/usuarios/ilustradores/VectorVibe/gigs/Paisaje_Geom_trico/img_0.png', 'VectorVibe', 'GRÁFICOS Y DISEÑO/Ilustración', 'paisajes, landscape, vector, geometric, wallpaper', 'ACTIVO');
INSERT INTO Ilustraciones VALUES (25, 'Servicio de paisajes realista', 'imagen de un rostro', 5.0, '/Users/isaaciturralde/Documents/usuarios/ilustradores/VectorVibe/gigs/Servicio_de_paisajes_realista/img_0.png', 'VectorVibe', 'GRÁFICOS Y DISEÑO/Ilustración', '', 'ACTIVO');
INSERT INTO Ilustraciones VALUES (26, 'Campaña Cyberpunk', 'Diseño publicitario futurista para redes sociales.', 85.0, '/Users/isaaciturralde/Documents/usuarios/ilustradores/NeonSamurai/gigs/Campa_a_Cyberpunk/img_0.png', 'NeonSamurai', 'MARKETING DIGITAL/Publicidad', 'cyberpunk, ads, social media, futuristic, marketing', 'ACTIVO');
INSERT INTO Ilustraciones VALUES (27, 'Aprende a usar AWS (amazon web services) enfocado en estudiantes y desarolladores juniors que deseen apredner Cloud computing', 'empiza a trabajar en cloud computing. Demuestra a los empleadores tus habilidades y convence a cualuiqer reclutador', 50.0, '/Users/isaaciturralde/Documents/usuarios/ilustradores/itzel/gigs/Aprende_a_usar_AWS__amazon_web_services__enfocado_en_estudiantes_y_desarolladores_juniors_que_deseen_apredner_Cloud_computing/img_0.jpg', 'itzel', 'NEGOCIOS/Asistencia', 'AWS,CLOUDCOMPUTING,DESAROLLOWEB,CURSOS,MEJORATUSUELDO', 'ACTIVO');

INSERT INTO Paquetes VALUES (2, 5, 'Basic', 'Básico', 'animacion simple', 1, 0, 5.0);
INSERT INTO Paquetes VALUES (3, 6, 'Basic', 'Básico', 'reel de duracion de 30 segundos a 1 minuto con la informacion o contenido que gustes', 3, 2, 20.0);
INSERT INTO Paquetes VALUES (4, 25, 'Basic', 'Básico', 'basico	', 1, 0, 5.0);
INSERT INTO Paquetes VALUES (5, 27, 'Basic', 'desarolladores con experiencia 6 meses', 'clases grabadas en Zoom ', 7, 0, 50.0);
INSERT INTO Paquetes VALUES (6, 27, 'Standard', 'recien egresados', 'clases grabadas y mensajes a traves de slack en horario restrignido', 7, 3, 150.0);
INSERT INTO Paquetes VALUES (7, 27, 'Premium', 'estudiantes y todos', 'Clases grabas y en vivo. Mensajes a traves de slack en horario semi restringido', 7, -1, 250.0);

INSERT INTO GigExtras VALUES (5, 6, 'Revisión Extra', 'Extra rev', 5.0, 0);
INSERT INTO GigExtras VALUES (6, 25, 'Entrega Rápida', 'Entrega prioritaria', 10.0, 0);
INSERT INTO GigExtras VALUES (7, 25, 'Revisión Extra', 'Extra rev', 5.0, 0);
INSERT INTO GigExtras VALUES (8, 25, 'Archivo Fuente', 'Source', 5.0, 0);
INSERT INTO GigExtras VALUES (9, 27, 'Entrega Rápida', 'Entrega prioritaria', 300.0, 0);
INSERT INTO GigExtras VALUES (10, 27, 'Revisión Extra', 'Extra rev', 50.0, 0);

INSERT INTO Faqs VALUES (2, 5, 'sobre puede ser la animacion?', 'puede ser sobre cualquier cosa en los formatos establecidos\npersonajes, paisajes, etc');
INSERT INTO Faqs VALUES (3, 6, 'se puede extender la duracion del reel?', 'no, esta esta dada de ese modo\npara brindar una experiencia rapida\ny refrescante al usuario\na modo de gancho para atraer su atencion');
INSERT INTO Faqs VALUES (4538, 27, 'podre conseguir trabajo rapido?', 'depende de cuantas CV envies');
INSERT INTO Faqs VALUES (4539, 7, '¿Entregas el archivo editable?', 'Sí, incluyo archivos AI y EPS.');
INSERT INTO Faqs VALUES (4540, 7, '¿Haces revisiones ilimitadas?', 'El paquete básico incluye 2 revisiones, el premium es ilimitado.');
INSERT INTO Faqs VALUES (4541, 16, '¿Necesitas foto de referencia?', 'Sí, una foto clara ayuda mucho.');
INSERT INTO Faqs VALUES (4542, 16, '¿Es a color?', 'Sí, a todo color y sombreado.');
INSERT INTO Faqs VALUES (4543, 17, '¿Dibujas cualquier especie?', 'Sí, caninos, felinos, dragones, etc.');
INSERT INTO Faqs VALUES (4544, 17, '¿Incluye fondo?', 'Fondo simple de color sólido.');
INSERT INTO Faqs VALUES (4545, 18, '¿Qué resolución tiene?', '4K 300dpi.');
INSERT INTO Faqs VALUES (4546, 18, '¿Sirve para videojuegos?', 'Sí, perfecto para fondos o concept art.');
INSERT INTO Faqs VALUES (4547, 8, '¿Puedo usarlo comercialmente?', 'Sí, todos los derechos comerciales están incluidos.');
INSERT INTO Faqs VALUES (4548, 8, '¿Haces bocetos previos?', 'Envío 2 bocetos iniciales antes de renderizar.');
INSERT INTO Faqs VALUES (4549, 19, '¿Puedes hacerme ver como zombie?', 'Claro, me especializo en transformaciones oscuras.');
INSERT INTO Faqs VALUES (4550, 19, '¿Es a color?', 'Sí, paleta de colores oscuros y rojos.');
INSERT INTO Faqs VALUES (4551, 20, '¿Dibujas gore?', 'Gore ligero artístico.');
INSERT INTO Faqs VALUES (4552, 20, '¿Qué estilo usas?', 'Estilo pictórico denso y texturizado.');
INSERT INTO Faqs VALUES (4553, 21, '¿Incluye personajes?', 'Solo siluetas lejanas.');
INSERT INTO Faqs VALUES (4554, 21, '¿Formato?', 'PNG de alta calidad.');
INSERT INTO Faqs VALUES (4555, 9, '¿Cuántos iconos incluye?', 'El precio base incluye hasta 5 iconos.');
INSERT INTO Faqs VALUES (4556, 9, '¿En qué formato se entregan?', 'Entrego en SVG, PNG y PDF.');
INSERT INTO Faqs VALUES (4557, 22, '¿Se parece a mí?', 'Es una estilización minimalista.');
INSERT INTO Faqs VALUES (4558, 22, '¿Es escalable?', 'Totalmente, es vector infinito.');
INSERT INTO Faqs VALUES (4559, 23, '¿Incluye archivo fuente?', 'Sí, archivo .AI incluido.');
INSERT INTO Faqs VALUES (4560, 23, '¿Sirve para Twitch?', 'Perfecto para emotes o logos.');
INSERT INTO Faqs VALUES (4561, 24, '¿Tamaño?', '1920x1080 o 4k.');
INSERT INTO Faqs VALUES (4562, 24, '¿Colores?', 'Paleta de colores a tu elección.');
INSERT INTO Faqs VALUES (4563, 10, '¿Haces fondos también?', 'Sí, puedo añadir fondos por un costo extra.');
INSERT INTO Faqs VALUES (4564, 10, '¿Qué tamaño tiene el sprite?', 'Normalmente 64x64 o 128x128 píxeles.');
INSERT INTO Faqs VALUES (4565, 11, '¿Incluyes música?', 'Uso música sin copyright o la que tú me envíes.');
INSERT INTO Faqs VALUES (4566, 11, '¿Cuánto dura la intro?', 'Entre 10 y 15 segundos.');
INSERT INTO Faqs VALUES (4567, 26, '¿Para qué plataformas sirve?', 'Optimizado para Instagram y TikTok.');
INSERT INTO Faqs VALUES (4568, 26, '¿Incluyes el texto (copy)?', 'Sí, redacto un texto persuasivo breve.');
INSERT INTO Faqs VALUES (4569, 13, '¿Qué herramientas usas?', 'Uso SEMrush y Ahrefs.');
INSERT INTO Faqs VALUES (4570, 13, '¿Entregas un reporte?', 'Sí, recibirás un PDF detallado con acciones a tomar.');
INSERT INTO Faqs VALUES (4571, 14, '¿Incluye investigación de mercado?', 'Sí, analizo a tus 3 competidores principales.');
INSERT INTO Faqs VALUES (4572, 14, '¿Está listo para inversores?', 'El formato es profesional y apto para presentar.');
INSERT INTO Faqs VALUES (4573, 15, '¿Trabajas fines de semana?', 'Solo emergencias, costo extra.');
INSERT INTO Faqs VALUES (4574, 15, '¿Qué horario manejas?', '9 AM a 5 PM EST.');

INSERT INTO GigGaleria VALUES (4, 5, 'C:UserssoutDocumentsusuariosilustradoresugigsHar__algoimg_0.jpg');
INSERT INTO GigGaleria VALUES (5, 5, 'C:UserssoutDocumentsusuariosilustradoresugigsHar__algoimg_1.jpg');
INSERT INTO GigGaleria VALUES (6, 5, 'C:UserssoutDocumentsusuariosilustradoresugigsHar__algoimg_2.jpg');
INSERT INTO GigGaleria VALUES (7, 6, 'C:UserssoutDocumentsusuariosilustradoresygigsHare_contenido_rapido_para_tu_plataformaimg_0.jpg');
INSERT INTO GigGaleria VALUES (8, 6, 'C:UserssoutDocumentsusuariosilustradoresygigsHare_contenido_rapido_para_tu_plataformaimg_1.jpg');
INSERT INTO GigGaleria VALUES (9, 6, 'C:UserssoutDocumentsusuariosilustradoresygigsHare_contenido_rapido_para_tu_plataformaimg_2.jpg');
INSERT INTO GigGaleria VALUES (25096, 27, '/Users/isaaciturralde/Documents/usuarios/ilustradores/itzel/gigs/Aprende_a_usar_AWS__amazon_web_services__enfocado_en_estudiantes_y_desarolladores_juniors_que_deseen_apredner_Cloud_computing/img_0.jpg');
INSERT INTO GigGaleria VALUES (25097, 27, '/Users/isaaciturralde/Documents/usuarios/ilustradores/itzel/gigs/Aprende_a_usar_AWS__amazon_web_services__enfocado_en_estudiantes_y_desarolladores_juniors_que_deseen_apredner_Cloud_computing/img_1.png');
INSERT INTO GigGaleria VALUES (25098, 27, '/Users/isaaciturralde/Documents/usuarios/ilustradores/itzel/gigs/Aprende_a_usar_AWS__amazon_web_services__enfocado_en_estudiantes_y_desarolladores_juniors_que_deseen_apredner_Cloud_computing/img_2.png');
INSERT INTO GigGaleria VALUES (25153, 1, '/Users/isaaciturralde/Documents/usuarios/ilustradores/ArtByLaura/gigs/Guerrero_Lunar/img_0.png');
INSERT INTO GigGaleria VALUES (25154, 1, '/Users/isaaciturralde/Documents/usuarios/ilustradores/ArtByLaura/gigs/Guerrero_Lunar/img_1.png');
INSERT INTO GigGaleria VALUES (25155, 1, '/Users/isaaciturralde/Documents/usuarios/ilustradores/ArtByLaura/gigs/Guerrero_Lunar/img_2.png');
INSERT INTO GigGaleria VALUES (25156, 2, '/Users/isaaciturralde/Documents/usuarios/ilustradores/ArtByLaura/gigs/Bosque_Encantado/img_0.png');
INSERT INTO GigGaleria VALUES (25157, 2, '/Users/isaaciturralde/Documents/usuarios/ilustradores/ArtByLaura/gigs/Bosque_Encantado/img_1.png');
INSERT INTO GigGaleria VALUES (25158, 2, '/Users/isaaciturralde/Documents/usuarios/ilustradores/ArtByLaura/gigs/Bosque_Encantado/img_2.png');
INSERT INTO GigGaleria VALUES (25159, 7, '/Users/isaaciturralde/Documents/usuarios/ilustradores/ArtByLaura/gigs/Logo_Minimalista/img_0.png');
INSERT INTO GigGaleria VALUES (25160, 7, '/Users/isaaciturralde/Documents/usuarios/ilustradores/ArtByLaura/gigs/Logo_Minimalista/img_1.png');
INSERT INTO GigGaleria VALUES (25161, 7, '/Users/isaaciturralde/Documents/usuarios/ilustradores/ArtByLaura/gigs/Logo_Minimalista/img_2.png');
INSERT INTO GigGaleria VALUES (25162, 16, '/Users/isaaciturralde/Documents/usuarios/ilustradores/ArtByLaura/gigs/Retrato_Semirealista/img_0.png');
INSERT INTO GigGaleria VALUES (25163, 16, '/Users/isaaciturralde/Documents/usuarios/ilustradores/ArtByLaura/gigs/Retrato_Semirealista/img_1.png');
INSERT INTO GigGaleria VALUES (25164, 16, '/Users/isaaciturralde/Documents/usuarios/ilustradores/ArtByLaura/gigs/Retrato_Semirealista/img_2.png');
INSERT INTO GigGaleria VALUES (25165, 17, '/Users/isaaciturralde/Documents/usuarios/ilustradores/ArtByLaura/gigs/Arte_Furry_Cute/img_0.png');
INSERT INTO GigGaleria VALUES (25166, 17, '/Users/isaaciturralde/Documents/usuarios/ilustradores/ArtByLaura/gigs/Arte_Furry_Cute/img_1.png');
INSERT INTO GigGaleria VALUES (25167, 17, '/Users/isaaciturralde/Documents/usuarios/ilustradores/ArtByLaura/gigs/Arte_Furry_Cute/img_2.png');
INSERT INTO GigGaleria VALUES (25168, 18, '/Users/isaaciturralde/Documents/usuarios/ilustradores/ArtByLaura/gigs/Paisaje_de_Fantas_a/img_0.png');
INSERT INTO GigGaleria VALUES (25169, 18, '/Users/isaaciturralde/Documents/usuarios/ilustradores/ArtByLaura/gigs/Paisaje_de_Fantas_a/img_1.png');
INSERT INTO GigGaleria VALUES (25170, 18, '/Users/isaaciturralde/Documents/usuarios/ilustradores/ArtByLaura/gigs/Paisaje_de_Fantas_a/img_2.png');
INSERT INTO GigGaleria VALUES (25207, 8, '/Users/isaaciturralde/Documents/usuarios/ilustradores/GrimShadow/gigs/Portada_de_Terror/img_0.png');
INSERT INTO GigGaleria VALUES (25208, 8, '/Users/isaaciturralde/Documents/usuarios/ilustradores/GrimShadow/gigs/Portada_de_Terror/img_1.png');
INSERT INTO GigGaleria VALUES (25209, 8, '/Users/isaaciturralde/Documents/usuarios/ilustradores/GrimShadow/gigs/Portada_de_Terror/img_2.png');
INSERT INTO GigGaleria VALUES (25210, 19, '/Users/isaaciturralde/Documents/usuarios/ilustradores/GrimShadow/gigs/Retrato_G_tico/img_0.png');
INSERT INTO GigGaleria VALUES (25211, 19, '/Users/isaaciturralde/Documents/usuarios/ilustradores/GrimShadow/gigs/Retrato_G_tico/img_1.png');
INSERT INTO GigGaleria VALUES (25212, 19, '/Users/isaaciturralde/Documents/usuarios/ilustradores/GrimShadow/gigs/Retrato_G_tico/img_2.png');
INSERT INTO GigGaleria VALUES (25213, 20, '/Users/isaaciturralde/Documents/usuarios/ilustradores/GrimShadow/gigs/Furry_Monstruoso/img_0.png');
INSERT INTO GigGaleria VALUES (25214, 20, '/Users/isaaciturralde/Documents/usuarios/ilustradores/GrimShadow/gigs/Furry_Monstruoso/img_1.png');
INSERT INTO GigGaleria VALUES (25215, 20, '/Users/isaaciturralde/Documents/usuarios/ilustradores/GrimShadow/gigs/Furry_Monstruoso/img_2.png');
INSERT INTO GigGaleria VALUES (25216, 21, '/Users/isaaciturralde/Documents/usuarios/ilustradores/GrimShadow/gigs/Paisaje_Embrujado/img_0.png');
INSERT INTO GigGaleria VALUES (25217, 21, '/Users/isaaciturralde/Documents/usuarios/ilustradores/GrimShadow/gigs/Paisaje_Embrujado/img_1.png');
INSERT INTO GigGaleria VALUES (25218, 21, '/Users/isaaciturralde/Documents/usuarios/ilustradores/GrimShadow/gigs/Paisaje_Embrujado/img_2.png');
INSERT INTO GigGaleria VALUES (25264, 9, '/Users/isaaciturralde/Documents/usuarios/ilustradores/VectorVibe/gigs/Iconos_Vectoriales/img_0.png');
INSERT INTO GigGaleria VALUES (25265, 9, '/Users/isaaciturralde/Documents/usuarios/ilustradores/VectorVibe/gigs/Iconos_Vectoriales/img_1.png');
INSERT INTO GigGaleria VALUES (25266, 9, '/Users/isaaciturralde/Documents/usuarios/ilustradores/VectorVibe/gigs/Iconos_Vectoriales/img_2.png');
INSERT INTO GigGaleria VALUES (25267, 22, '/Users/isaaciturralde/Documents/usuarios/ilustradores/VectorVibe/gigs/Retrato_Vectorial/img_0.png');
INSERT INTO GigGaleria VALUES (25268, 22, '/Users/isaaciturralde/Documents/usuarios/ilustradores/VectorVibe/gigs/Retrato_Vectorial/img_1.png');
INSERT INTO GigGaleria VALUES (25269, 22, '/Users/isaaciturralde/Documents/usuarios/ilustradores/VectorVibe/gigs/Retrato_Vectorial/img_2.png');
INSERT INTO GigGaleria VALUES (25270, 23, '/Users/isaaciturralde/Documents/usuarios/ilustradores/VectorVibe/gigs/Mascota_Vectorial/img_0.png');
INSERT INTO GigGaleria VALUES (25271, 23, '/Users/isaaciturralde/Documents/usuarios/ilustradores/VectorVibe/gigs/Mascota_Vectorial/img_1.png');
INSERT INTO GigGaleria VALUES (25272, 23, '/Users/isaaciturralde/Documents/usuarios/ilustradores/VectorVibe/gigs/Mascota_Vectorial/img_2.png');
INSERT INTO GigGaleria VALUES (25273, 24, '/Users/isaaciturralde/Documents/usuarios/ilustradores/VectorVibe/gigs/Paisaje_Geom_trico/img_0.png');
INSERT INTO GigGaleria VALUES (25274, 24, '/Users/isaaciturralde/Documents/usuarios/ilustradores/VectorVibe/gigs/Paisaje_Geom_trico/img_1.png');
INSERT INTO GigGaleria VALUES (25275, 24, '/Users/isaaciturralde/Documents/usuarios/ilustradores/VectorVibe/gigs/Paisaje_Geom_trico/img_2.png');
INSERT INTO GigGaleria VALUES (25276, 25, '/Users/isaaciturralde/Documents/usuarios/ilustradores/VectorVibe/gigs/Servicio_de_paisajes_realista/img_0.png');
INSERT INTO GigGaleria VALUES (25277, 25, '/Users/isaaciturralde/Documents/usuarios/ilustradores/VectorVibe/gigs/Servicio_de_paisajes_realista/img_1.png');
INSERT INTO GigGaleria VALUES (25278, 25, '/Users/isaaciturralde/Documents/usuarios/ilustradores/VectorVibe/gigs/Servicio_de_paisajes_realista/img_2.png');
INSERT INTO GigGaleria VALUES (25279, 3, '/Users/isaaciturralde/Documents/usuarios/ilustradores/PixelPanda/gigs/Panda_Programador/img_0.png');
INSERT INTO GigGaleria VALUES (25280, 3, '/Users/isaaciturralde/Documents/usuarios/ilustradores/PixelPanda/gigs/Panda_Programador/img_1.png');
INSERT INTO GigGaleria VALUES (25281, 3, '/Users/isaaciturralde/Documents/usuarios/ilustradores/PixelPanda/gigs/Panda_Programador/img_2.png');
INSERT INTO GigGaleria VALUES (25282, 10, '/Users/isaaciturralde/Documents/usuarios/ilustradores/PixelPanda/gigs/Sprite_Animado/img_0.png');
INSERT INTO GigGaleria VALUES (25283, 10, '/Users/isaaciturralde/Documents/usuarios/ilustradores/PixelPanda/gigs/Sprite_Animado/img_1.png');
INSERT INTO GigGaleria VALUES (25284, 10, '/Users/isaaciturralde/Documents/usuarios/ilustradores/PixelPanda/gigs/Sprite_Animado/img_2.png');
INSERT INTO GigGaleria VALUES (25285, 11, '/Users/isaaciturralde/Documents/usuarios/ilustradores/SakuraInk/gigs/Intro_Anime/img_0.png');
INSERT INTO GigGaleria VALUES (25286, 11, '/Users/isaaciturralde/Documents/usuarios/ilustradores/SakuraInk/gigs/Intro_Anime/img_1.png');
INSERT INTO GigGaleria VALUES (25287, 11, '/Users/isaaciturralde/Documents/usuarios/ilustradores/SakuraInk/gigs/Intro_Anime/img_2.png');
INSERT INTO GigGaleria VALUES (25288, 26, '/Users/isaaciturralde/Documents/usuarios/ilustradores/NeonSamurai/gigs/Campa_a_Cyberpunk/img_0.png');
INSERT INTO GigGaleria VALUES (25289, 26, '/Users/isaaciturralde/Documents/usuarios/ilustradores/NeonSamurai/gigs/Campa_a_Cyberpunk/img_1.png');
INSERT INTO GigGaleria VALUES (25290, 26, '/Users/isaaciturralde/Documents/usuarios/ilustradores/NeonSamurai/gigs/Campa_a_Cyberpunk/img_2.png');
INSERT INTO GigGaleria VALUES (25291, 13, '/Users/isaaciturralde/Documents/usuarios/ilustradores/VistaMaster/gigs/Auditor_a_SEO/img_0.png');
INSERT INTO GigGaleria VALUES (25292, 13, '/Users/isaaciturralde/Documents/usuarios/ilustradores/VistaMaster/gigs/Auditor_a_SEO/img_1.png');
INSERT INTO GigGaleria VALUES (25293, 13, '/Users/isaaciturralde/Documents/usuarios/ilustradores/VistaMaster/gigs/Auditor_a_SEO/img_2.png');
INSERT INTO GigGaleria VALUES (25294, 14, '/Users/isaaciturralde/Documents/usuarios/ilustradores/RealismPro/gigs/Plan_de_Negocios/img_0.png');
INSERT INTO GigGaleria VALUES (25295, 14, '/Users/isaaciturralde/Documents/usuarios/ilustradores/RealismPro/gigs/Plan_de_Negocios/img_1.png');
INSERT INTO GigGaleria VALUES (25296, 14, '/Users/isaaciturralde/Documents/usuarios/ilustradores/RealismPro/gigs/Plan_de_Negocios/img_2.png');
INSERT INTO GigGaleria VALUES (25297, 15, '/Users/isaaciturralde/Documents/usuarios/ilustradores/FuzzyPaws/gigs/Asistente_Virtual/img_0.png');
INSERT INTO GigGaleria VALUES (25298, 15, '/Users/isaaciturralde/Documents/usuarios/ilustradores/FuzzyPaws/gigs/Asistente_Virtual/img_1.png');
INSERT INTO GigGaleria VALUES (25299, 15, '/Users/isaaciturralde/Documents/usuarios/ilustradores/FuzzyPaws/gigs/Asistente_Virtual/img_2.png');

INSERT INTO Pedidos VALUES (1, 'cliente1', 'PixelPanda', 'Panda Programador', '07/12/2025', 30.0, 'TERMINADO', 2026-01-05T05:41:13);
INSERT INTO Pedidos VALUES (2, 'cliente1', 'ArtByLaura', 'Guerrero Lunar', '07/12/2025', 65.0, 'PENDIENTE', 2026-01-05T05:41:13);
INSERT INTO Pedidos VALUES (3, 'diegop', 'ArtByLaura', 'Guerrero Lunar', '07/12/2025', 65.0, 'PENDIENTE', 2026-01-05T05:41:13);
INSERT INTO Pedidos VALUES (4, 'diegop', 'u', 'Haré algo', '07/12/2025', 5.0, 'PENDIENTE', 2026-01-05T05:41:13);
INSERT INTO Pedidos VALUES (5, 'diegop', 'ArtByLaura', 'Logo Minimalista', '07/12/2025', 50.0, 'PENDIENTE', 2026-01-05T05:41:13);
INSERT INTO Pedidos VALUES (6, 'diegop', 'PixelPanda', 'Sprite Animado', '07/12/2025', 30.0, 'TERMINADO', 2026-01-05T05:41:13);
INSERT INTO Pedidos VALUES (7, 'cliente1', 'PixelPanda', 'Panda Programador', '04/12/2025', 30.0, 'TERMINADO', 2026-01-05T05:41:13);
INSERT INTO Pedidos VALUES (8, 'cliente1', 'PixelPanda', 'Panda Programador', '04/12/2025', 30.0, 'TERMINADO', 2026-01-05T05:41:13);
INSERT INTO Pedidos VALUES (9, 'diegop', 'PixelPanda', 'Panda Programador', '05/12/2025', 150.0, 'TERMINADO', 2026-01-05T05:41:13);
INSERT INTO Pedidos VALUES (10, 'lizeth', 'GrimShadow', 'Retrato Gótico', '02/01/2026', 165.0, 'PENDIENTE', 2026-01-05T05:41:13);
INSERT INTO Pedidos VALUES (11, 'lizeth', 'NeonSamurai', 'Campaña Cyberpunk', '02/01/2026', 85.0, 'PENDIENTE', 2026-01-05T05:41:13);
INSERT INTO Pedidos VALUES (12, 'isaac', 'GrimShadow', 'Retrato Gótico', '03/01/2026', 220.0, 'PENDIENTE', 2026-01-05T05:41:13);
INSERT INTO Pedidos VALUES (13, 'isaac', 'GrimShadow', 'Retrato Gótico', '07/01/2026', 110.0, 'PENDIENTE', 2026-01-05T05:44:51);
INSERT INTO Pedidos VALUES (14, 'saul najera', 'VectorVibe', 'Servicio de paisajes realista', '23/01/2026', 5.0, 'PENDIENTE', 2026-01-17T00:25:41);

